question,n_obs,r2,r2_adj,f_pvalue,ncp_a_coef,ncp_a_p,ncp_b_coef,ncp_b_p
Q1,65,0.22030054933737497,0.09271336650167272,0.10481151160392782,-0.03717895830862974,0.3141572182806063,0.026997575300547548,0.4465945597367047
Q2,65,0.48449179871781745,0.4001359112352785,1.3608533499800578e-05,-0.002534135573761989,0.42760244691954324,-0.00023335983430613355,0.9393098325630524
Q3,65,0.4881257533379716,0.40436451297509424,1.1476916945875696e-05,-0.002450881584346906,0.4484756201591005,-0.0004531498454920582,0.8839119487133309
Q4,65,0.46200201427429544,0.3739659802464529,3.777141520991491e-05,-0.0024283710552321577,0.47648217913516966,-0.00018434474538724793,0.9551033466864489
Q5,65,0.4835524939414789,0.3990429020409937,1.4217613523409271e-05,-0.0022052362957523455,0.4911058719908463,-0.0004030873761765655,0.8957179319845491
Q6,65,0.19765739383758496,0.06636496737464437,0.16920214045400464,-0.033171784720092114,0.3692654763897273,0.02235399155782588,0.5287068883402289
Q7,45,0.26685400178319263,0.10393266884612429,0.1484581571739702,-0.03192879908995773,0.7295562112559745,0.044380471902224,0.6355911717547459
